{
    "loss": 0.7253848910331726,
    "accuracy": 0.8362069129943848
}